{
  "configurations": [
    {
      "name": "x64-Release",
      "generator": "Ninja",
      "configurationType": "Release",
      "inheritEnvironments": [
        "msvc_x64_x64"
      ],
      "buildRoot": "${env.USERPROFILE}\\CMakeBuilds\\${workspaceHash}\\build\\${name}",
      "installRoot": "${env.USERPROFILE}\\CMakeBuilds\\${workspaceHash}\\install\\${name}",
      "cmakeCommandArgs": "-DFX_GLTF_INSTALL=OFF",
      "buildCommandArgs": "-v",
      "ctestCommandArgs": "",
      "enableClangTidyCodeAnalysis": true
    },
    {
      "name": "x64-Debug",
      "generator": "Ninja",
      "configurationType": "Debug",
      "inheritEnvironments": [
        "msvc_x64_x64"
      ],
      "buildRoot": "${env.USERPROFILE}\\CMakeBuilds\\${workspaceHash}\\build\\${name}",
      "installRoot": "${env.USERPROFILE}\\CMakeBuilds\\${workspaceHash}\\install\\${name}",
      "cmakeCommandArgs": "-DFX_GLTF_INSTALL=OFF",
      "buildCommandArgs": "-v",
      "ctestCommandArgs": "",
      "enableClangTidyCodeAnalysis": true
    },
    {
      "name": "x64-Release-ASAN",
      "generator": "Ninja",
      "configurationType": "RelWithDebInfo",
      "inheritEnvironments": [
        "msvc_x64_x64"
      ],
      "buildRoot": "${env.USERPROFILE}\\CMakeBuilds\\${workspaceHash}\\build\\${name}",
      "installRoot": "${env.USERPROFILE}\\CMakeBuilds\\${workspaceHash}\\install\\${name}",
      "cmakeCommandArgs": "-DFX_GLTF_INSTALL=OFF",
      "buildCommandArgs": "-v",
      "ctestCommandArgs": "",
      "enableClangTidyCodeAnalysis": true,
      "addressSanitizerEnabled": true
    }
  ]
}